mutant_label,oligo_label,sequence,scale,purification
C167S,C167S,cagaatgcttgcgctatacggttcatt,25nm,standard
E177N,E177N,acccggtgcatggttaccggtgccata,25nm,standard
E406Q,E406Q,accccatgcccactgaaagttatccag,25nm,standard
H119N,H119N,cggcagatcccagttatacagggtcag,25nm,standard
H119S,H119S,cggcagatcccagctatacagggtcag,25nm,standard
H178C,H178C,atgacccggtgcgcattcaccggtgcc,25nm,standard
I244M,I244M,aaaccaacgattcataaaaccatcacg,25nm,standard
I244V,I244V,aaaccaacgattcacaaaaccatcacg,25nm,standard
N163E,N163E,acaatacggttcttcgatggtgttcca,25nm,standard
N163S,N163S,acaatacggttcgctgatggtgttcca,25nm,standard
N220D,N220D,aacatgttccatatccagggtaatgcc,25nm,standard
N220Q,N220Q,aacatgttccatctgcagggtaatgcc,25nm,standard
N220S,N220S,aacatgttccatgctcagggtaatgcc,25nm,standard
N293C,N293C,acgggtataatagcaaatgcccagaaa,25nm,standard
N293S,N293S,acgggtataatagctaatgcccagaaa,25nm,standard
R240K,R240K,gataaaaccatctttacgaattgctgc,25nm,standard
W325M,W325M,cggatgaatttccatacccatatcggt,25nm,standard
W325Y,W325Y,cggatgaatttcataacccatatcggt,25nm,standard
W34R,W34R,acaaaaggtatcacgaatgctcggggt,25nm,standard
W409H,W409H,tttgctataaccatgtgcccattcaaa,25nm,standard
Y166F,Y166F,aatgcttgcacaaaacggttcattgat,25nm,standard
