plate,well,mutant name
1,A1,g12n-1
1,B1,g12n-2
1,C1,g12n-3
1,D1,a236e-1
1,E1,a236e-2
1,F1,a236e-3
1,G1,v320e-1
1,H1,v320e-2
1,A2,v320e-3
1,B2,n163s-1
1,C2,n163s-2
1,D2,n163s-3
1,E2,w407y-1
1,F2,w407y-2
1,G2,w407y-3
1,H2,q19p-1
1,A3,q19p-2
1,B3,q19p-3
1,C3,s32l-1
1,D3,s32l-2
1,E3,s32l-3
1,F3,v320q-1
1,G3,v320q-2
1,H3,v320q-3
1,A4,a227w-1
1,B4,a227w-2
1,C4,a227w-3
1,D4,y294l-1
1,E4,y294l-2
1,F4,y294l-3
1,G4,l73v-1
1,H4,l73v-2
1,A5,l73v-3
1,B5,d121f-1
1,C5,d121f-2
1,D5,d121f-3
1,E5,g153a-1
1,F5,g153a-2
1,G5,g153a-3
1,H5,e353f-1
1,A6,e353f-2
1,B6,e353f-3
1,C6,w407k-1
1,D6,w407k-2
1,E6,w407k-3
1,F6,f343s-1
1,G6,f343s-2
1,H6,f343s-3
1,A7,h315r-1
1,B7,h315r-2
1,C7,h315r-3
1,D7,a249e-1
1,E7,a249e-2
1,F7,a249e-3
1,G7,t133s-1
1,H7,t133s-2
1,A8,t133s-3
1,B8,e281h-1
1,C8,e281h-2
1,D8,e281h-3
