number,well,mutant,blank,blank,blank
1,A1,d322a-1,,,
1,B1,d322a-2,,,
1,C1,d322a-3,,,
1,D1,d403a-1,,,
1,E1,d403a-2,,,
1,F1,d403a-3,,,
1,G1,e164a-1,,,
1,H1,e164a-2,,,
1,A2,e164a-3,,,
1,B2,e164d-1,,,
1,C2,e164d-2,,,
1,D2,e164d-3,,,
1,E2,e177k-1,,,
1,F2,e177k-2,,,
1,G2,e177k-3,,,
1,H2,e177l-1,,,
1,A3,e177l-2,,,
1,B3,e177l-3,,,
1,C3,e353a-1,,,
1,D3,e353a-2,,,
1,E3,e353a-3,,,
1,F3,e388c-1,,,
1,G3,e388c-2,,,
1,H3,e388c-3,,,
1,A4,f415a-1,,,
1,B4,f415a-2,,,
1,C4,f415a-3,,,
1,D4,f415n-1,,,
1,E4,f415n-2,,,
1,F4,f415n-3,,,
1,G4,h119w-1,,,
1,H4,h119w-2,,,
1,A5,h119w-3,,,
1,B5,h178n-1,,,
1,C5,h178n-2,,,
1,D5,h178n-3,,,
1,E5,i300n-1,,,
1,F5,i300n-2,,,
1,G5,i300n-3,,,
1,H5,l108n-1,,,
1,A6,l108n-2,,,
1,B6,l108n-3,,,
1,C6,l272n-1,,,
1,D6,l272n-2,,,
1,E6,l272n-3,,,
1,F6,m221a-1,,,
1,G6,m221a-2,,,
1,H6,m221a-3,,,
1,A7,m323t-1,,,
1,B7,m323t-2,,,
1,C7,m323t-3,,,
1,D7,m358t-1,,,
1,E7,m358t-2,,,
1,F7,m358t-3,,,
1,G7,n163k-1,,,
1,H7,n163k-2,,,
1,A8,n163k-3,,,
1,B8,n220w-1,,,
1,C8,n220w-2,,,
1,D8,n220w-3,,,
1,E8,n293k-1,,,
1,F8,n293k-2,,,
1,G8,n293k-3,,,
1,H8,q313a-1,,,
1,A9,q313a-2,,,
1,B9,q313a-3,,,
1,C9,q313e-1,,,
1,D9,q313e-2,,,
1,E9,q313e-3,,,
1,F9,s298e-1,,,
1,G9,s298e-2,,,
1,H9,s298e-3,,,
1,A10,v311a-1,,,
1,B10,v311a-2,,,
1,C10,v311a-3,,,
1,D10,v311d-1,,,
1,E10,v311d-2,,,
1,F10,v311d-3,,,
1,G10,w120a-1,,,
1,H10,w120a-2,,,
1,A11,w120a-3,,,
1,B11,w325a-1,,,
1,C11,w325a-2,,,
1,D11,w325a-3,,,
1,E11,w325k-1,,,
1,F11,w325k-2,,,
1,G11,w325k-3,,,
1,H11,w399a-1,,,
1,A12,w399a-2,,,
1,B12,w399a-3,,,
1,C12,w399h-1,,,
1,D12,w399h-2,,,
1,E12,w399h-3,,,
1,F12,y294f-1,,,
