plate,well,mutant name,primer,volume,type
0,A1,f248k-1,,30,
0,B1,f248k-2,,30,
0,C1,f248k-3,,30,
0,D1,i244e-1,,30,
0,E1,i244e-2,,30,
0,F1,i244e-3,,30,
0,G1,y294h-1,,30,
0,H1,y294h-2,,30,
0,A2,y294h-3,,30,
0,B2,t296e-1,,30,
0,C2,t296e-2,,30,
0,D2,t296e-3,,30,
0,E2,w325e-1,,30,
0,F2,w325e-2,,30,
0,G2,w325e-3,,30,
0,H2,s298e-1,,30,
0,A3,s298e-2,,30,
0,B3,s298e-3,,30,
0,C3,e164d-1,,30,
0,D3,e164d-2,,30,
0,E3,e164d-3,,30,
0,F3,e388c-1,,30,
0,G3,e388c-2,,30,
0,H3,e388c-3,,30,
0,A4,n220d-1,,30,
0,B4,n220d-2,,30,
0,C4,n220d-3,,30,
0,D4,n220e-1,,30,
0,E4,n220e-2,,30,
0,F4,n220e-3,,30,
0,G4,f415d-1,,30,
0,H4,f415d-2,,30,
0,A5,f415d-3,,30,
0,B5,l171d-1,,30,
0,C5,l171d-2,,30,
0,D5,l171d-3,,30,
0,E5,l171e-1,,30,
0,F5,l171e-2,,30,
0,G5,l171e-3,,30,
0,H5,n163k-1,,30,
0,A6,n163k-2,,30,
0,B6,n163k-3,,30,
0,C6,y166e-1,,30,
0,D6,y166e-2,,30,
0,E6,y166e-3,,30,
0,F6,f415n-1,,30,
0,G6,f415n-2,,30,
0,H6,f415n-3,,30,
